{
  "concursosBean": [
    {
      "name": "MEGA-SENA",
      "colorBean": {
        "r": 32,
        "g": 152,
        "b": 105
      },
      "enabled": true,
      "spaceStart":1,
      "spaceEnd": 60,
      "minSize": 6,
      "maxSize": 15
    },
    {
      "name": "LOTOFÁCIL",
      "colorBean": {
        "r": 149,
        "g": 67,
        "b": 137
      },
      "enabled": true,
      "spaceStart": 1,
      "spaceEnd": 25,
      "minSize": 15,
      "maxSize": 18
    },
    {
      "name": "QUINA",
      "colorBean": {
        "r": 45,
        "g": 57,
        "b": 133
      },
      "enabled": true,
      "spaceStart": 1,
      "spaceEnd": 80,
      "minSize": 5,
      "maxSize": 15
    },
    {
      "name": "LOTOMANIA",
      "colorBean": {
        "r": 247,
        "g": 132,
        "b": 74
      },
      "enabled": true,
      "spaceStart": 0,
      "spaceEnd": 99,
      "minSize": 50,
      "maxSize": 50
    },
    {
      "name": "TIMEMANIA",
      "colorBean": {
        "r": 94,
        "g": 232,
        "b": 79
      },
      "enabled": true,
      "spaceStart": 1,
      "spaceEnd": 80,
      "minSize": 10,
      "maxSize": 10
    },
    {
      "name": "DUPLA SENA",
      "colorBean": {
        "r": 166,
        "g": 42,
        "b": 49
      },
      "enabled": true,
      "spaceStart": 1,
      "spaceEnd": 50,
      "minSize": 6,
      "maxSize": 15
    },
    {
      "name": "DIA DE SORTE",
      "colorBean": {
        "r": 203,
        "g": 133,
        "b": 59
      },
      "enabled": true,
      "spaceStart": 1,
      "spaceEnd": 31,
      "minSize": 7,
      "maxSize": 15
    }
  ]
}